-- MySQL dump 10.13  Distrib 8.0.36, for Win64 (x86_64)
--
-- Host: localhost    Database: exam
-- ------------------------------------------------------
-- Server version	8.0.36

/*!40101 SET @OLD_CHARACTER_SET_CLIENT=@@CHARACTER_SET_CLIENT */;
/*!40101 SET @OLD_CHARACTER_SET_RESULTS=@@CHARACTER_SET_RESULTS */;
/*!40101 SET @OLD_COLLATION_CONNECTION=@@COLLATION_CONNECTION */;
/*!50503 SET NAMES utf8 */;
/*!40103 SET @OLD_TIME_ZONE=@@TIME_ZONE */;
/*!40103 SET TIME_ZONE='+00:00' */;
/*!40014 SET @OLD_UNIQUE_CHECKS=@@UNIQUE_CHECKS, UNIQUE_CHECKS=0 */;
/*!40014 SET @OLD_FOREIGN_KEY_CHECKS=@@FOREIGN_KEY_CHECKS, FOREIGN_KEY_CHECKS=0 */;
/*!40101 SET @OLD_SQL_MODE=@@SQL_MODE, SQL_MODE='NO_AUTO_VALUE_ON_ZERO' */;
/*!40111 SET @OLD_SQL_NOTES=@@SQL_NOTES, SQL_NOTES=0 */;

--
-- Table structure for table `album`
--

DROP TABLE IF EXISTS `album`;
/*!40101 SET @saved_cs_client     = @@character_set_client */;
/*!50503 SET character_set_client = utf8mb4 */;
CREATE TABLE `album` (
  `id` bigint unsigned NOT NULL AUTO_INCREMENT,
  `artist_id` int NOT NULL,
  `name` varchar(255) COLLATE utf8mb4_unicode_ci NOT NULL,
  `sales` decimal(15,2) NOT NULL,
  `date_released` date NOT NULL,
  `last_update` date NOT NULL,
  `image` varchar(100) COLLATE utf8mb4_unicode_ci DEFAULT NULL,
  `created_at` timestamp NULL DEFAULT NULL,
  `updated_at` timestamp NULL DEFAULT NULL,
  PRIMARY KEY (`id`)
) ENGINE=InnoDB AUTO_INCREMENT=122 DEFAULT CHARSET=utf8mb4 COLLATE=utf8mb4_unicode_ci;
/*!40101 SET character_set_client = @saved_cs_client */;

--
-- Dumping data for table `album`
--

LOCK TABLES `album` WRITE;
/*!40000 ALTER TABLE `album` DISABLE KEYS */;
INSERT INTO `album` VALUES (1,1,'Complete with You: Special Album',43058.00,'2022-01-17','2022-01-31','7f4d822de68ffb7162a9888369c02c3f.png','2024-06-12 19:54:15','2024-06-12 19:54:15'),(2,2,'Savage',19629.00,'2021-10-05','2022-04-30','9c4e9dde3164001f755642074592aa9d.png','2024-06-12 19:54:17','2024-06-12 19:54:17'),(3,3,'Horn',58641.00,'2022-02-14','2022-02-28','c637c7049ffd138ae072bf9bfd308ace.png','2024-06-12 19:54:18','2024-06-12 19:54:18'),(4,4,'Zero: Fever Epilogue',3578.00,'2021-12-10','2022-01-31','06cae1ca5c27a4db97bf2e7e5e965b3e.png','2024-06-12 19:54:19','2024-06-12 19:54:19'),(5,5,'Intersection: Blaze',16801.00,'2022-03-30','2022-04-30','9439596a71a62fd484da8f5ed44fe532.png','2024-06-12 19:54:20','2024-06-12 19:54:20'),(6,6,'B',87540.00,'2022-01-18','2022-01-31','5bf394d72eda3f1149ae0debdbe7fd4a.png','2024-06-12 19:54:21','2024-06-12 19:54:21'),(7,7,'2',6933.00,'2022-03-02','2022-03-31','f2c648af4c77f65ee8da424ce8395351.png','2024-06-12 19:54:22','2024-06-12 19:54:22'),(8,8,'The Collective Soul and Unconscious: Chapter One',66885.00,'2022-02-23','2022-04-30','4be4d6c817a2d547f24cf00893fae15c.png','2024-06-12 19:54:23','2024-06-12 19:54:23'),(9,9,'Bobbin',17719.00,'2022-01-03','2022-01-31','bb2f2690badb4c4b553d8f5f143c9dc2.png','2024-06-12 19:54:24','2024-06-12 19:54:24'),(10,10,'Seoul',2596.00,'2022-04-20','2022-04-30','6bb647c5887ad33b05d28633a0bb0653.png','2024-06-12 19:54:25','2024-06-12 19:54:25'),(11,11,'Thank You',33605.00,'2022-03-15','2022-03-31','3af6d2b96594b18bc25b880480c0b546.png','2024-06-12 19:54:27','2024-06-12 19:54:27'),(12,12,'Be Together',121528.00,'2022-02-21','2022-03-31','17fdd0d14d7a896a91fe4a062171c26b.png','2024-06-12 19:54:28','2024-06-12 19:54:28'),(13,13,'Smiley',84346.00,'2022-01-17','2022-03-31','de158ba5dfb6bf218083c6a19875d910.png','2024-06-12 19:54:29','2024-06-12 19:54:29'),(14,14,'Liberty: In Our Cosmos Part.2',123922.00,'2022-03-22','2022-04-30','27ec0185b63081e1160428d631043be3.png','2024-06-12 19:54:30','2024-06-12 19:54:30'),(15,15,'Cherry Wish',20250.00,'2022-03-02','2022-03-31','2599a5cce81c615db609b3730a0b795f.png','2024-06-12 19:54:31','2024-06-12 19:54:31'),(16,16,'Love',41148.00,'2022-01-26','2022-01-31','49a8c1d19f1833d63ac355ae37b7d3dd.png','2024-06-12 19:54:32','2024-06-12 19:54:32'),(17,17,'Chase, Ep.2-Maum',118583.00,'2022-04-12','2022-04-30','b971f95a496ad3706201fbbdca87e77f.png','2024-06-12 19:54:33','2024-06-12 19:54:33'),(18,18,'Apocalypse: Save Us',94706.00,'2022-04-12','2022-04-30','1e4be7e745aa55022d3d15d2d04d1f37.png','2024-06-12 19:54:34','2024-06-12 19:54:34'),(19,19,'Villian',37535.00,'2022-01-17','2022-04-30','54c7673462ffad99c773cb9851693f4e.png','2024-06-12 19:54:35','2024-06-12 19:54:35'),(20,20,'Roar',48695.00,'2022-04-27','2022-04-30','3f89b90c5f3d6aaf6da1d7840f2b569d.png','2024-06-12 19:54:36','2024-06-12 19:54:36'),(21,21,'Dimension: Dilemma',27591.00,'2021-10-12','2022-04-30','5c05b51557733d3ca8d1aa45273b9b27.png','2024-06-12 19:54:37','2024-06-12 19:54:37'),(22,21,'Dimension: Answer',621425.00,'2022-01-10','2022-04-30','e9722181a5e7f7d0c1d4a80ce23917fa.png','2024-06-12 19:54:38','2024-06-12 19:54:38'),(23,22,'Book of Anxiety Chapter1. 21st Century Boys',71584.00,'2022-04-11','2022-04-30','3119811decb5aae2b3097e05e892ec0e.png','2024-06-12 19:54:39','2024-06-12 19:54:39'),(24,23,'Epik High is Here',5382.00,'2022-02-14','2022-02-28','92d33988824b67570bbf15f6d8cddfb3.png','2024-06-12 19:54:40','2024-06-12 19:54:40'),(25,24,'There and Back Again',2183.00,'2022-01-07','2022-04-30','e853d4f47e1da6290c903f0aa0187ba0.png','2024-06-12 19:54:41','2024-06-12 19:54:41'),(26,25,'Return of the Girl',2450.00,'2021-12-01','2022-01-31','1ced2fe8e18e68ebbb7189076fae5560.png','2024-06-12 19:54:43','2024-06-12 19:54:43'),(27,26,'Midnight Guest',120245.00,'2022-01-17','2022-03-31','16853f8eb3b1d034832355cc230d6f12.png','2024-06-12 19:54:44','2024-06-12 19:54:44'),(28,27,'I Never Die',198589.00,'2022-03-14','2022-04-30','ee9f4130eaf59b17c45c675f229a8827.png','2024-06-12 19:54:45','2024-06-12 19:54:45'),(29,28,'Arcade: V',9311.00,'2022-04-07','2022-04-30','bded4d1da7b16b79d8eea6029f1454b6.png','2024-06-12 19:54:46','2024-06-12 19:54:46'),(30,29,'You',18717.00,'2022-02-09','2022-02-28','0c53f16d8562c3a57cb80fb90dd5fee9.png','2024-06-12 19:54:47','2024-06-12 19:54:47'),(31,30,'Daydream',86293.00,'2022-03-21','2022-04-30','dd0aa8ab402e2ee13c19f4e5bbba01ac.png','2024-06-12 19:54:48','2024-06-12 19:54:48'),(32,31,'Love in Bloom',3181.00,'2022-04-04','2022-04-30','ecb9cd0647eb969b3b1ba5002f163771.png','2024-06-12 19:54:49','2024-06-12 19:54:49'),(33,32,'Eleven',37284.00,'2021-12-01','2022-04-30','283ac2a75608cd0c3e28a32d6d49ecc3.png','2024-06-12 19:54:50','2024-06-12 19:54:50'),(34,32,'Love Dive',440067.00,'2022-04-05','2022-04-30','fda51bfbae1454e3bf5ef0dea7e9b630.png','2024-06-12 19:54:51','2024-06-12 19:54:51'),(35,33,'Restore',57401.00,'2022-01-17','2022-02-28','a53f0c5afbf9bbd0360967ad9fd91b0b.png','2024-06-12 19:54:52','2024-06-12 19:54:52'),(36,34,'Just Begun',51504.00,'2022-04-14','2022-04-30','36ec9bfce162ba4ab674dc8a6448a9ce.png','2024-06-12 19:54:53','2024-06-12 19:54:53'),(37,35,'Peaches',5373.00,'2021-11-30','2022-01-31','18909530d8b38d640150c1bbdd67353b.png','2024-06-12 19:54:54','2024-06-12 19:54:54'),(38,36,'Winter Special Album: W',18305.00,'2022-01-04','2022-01-31','789bf25e87ee61c62d4ae91d9d50d26f.png','2024-06-12 19:54:55','2024-06-12 19:54:55'),(39,37,'First Impact',271048.00,'2022-01-03','2022-04-30','d0105ec6532efacb1f41495c695d4735.png','2024-06-12 19:54:56','2024-06-12 19:54:56'),(40,38,'Voyager',141407.00,'2022-03-15','2022-04-30','d58873ad1cd124d029deeb928220447a.png','2024-06-12 19:54:57','2024-06-12 19:54:57'),(41,39,'The Letter',9639.00,'2021-12-28','2022-01-31','15d1134043b7a7f1a89cc0b0712b0caa.png','2024-06-12 19:54:58','2024-06-12 19:54:58'),(42,40,'Dimension',55470.00,'2022-03-17','2022-04-30','8a8d59f32aa92024ba97535f603d02f6.png','2024-06-12 19:55:00','2024-06-12 19:55:00'),(43,41,'Savior',28082.00,'2022-04-22','2022-04-30','490785ed4f961f52dbce1be68b2aeb49.png','2024-06-12 19:55:01','2024-06-12 19:55:01'),(44,42,'Reve: 3rd Desire',67957.00,'2022-03-07','2022-03-31','bfffae7b63ae5849cb2d28915c654bc3.png','2024-06-12 19:55:02','2024-06-12 19:55:02'),(45,43,'Illusoin',51754.00,'2022-01-10','2022-01-31','c4c4ea3291333b1d77289519200fc76e.png','2024-06-12 19:55:04','2024-06-12 19:55:04'),(46,44,'History of Kingdom: Pt. 4: Dann',19450.00,'2022-03-31','2022-04-30','fed52b6ebed738154841af179c464093.png','2024-06-12 19:55:05','2024-06-12 19:55:05'),(47,45,'Color',55923.00,'2022-04-04','2022-04-30','503fa0d989153f9730c5cbf85a2f89c2.png','2024-06-12 19:55:06','2024-06-12 19:55:06'),(48,46,'Love Story (4 Season Project ?)',37215.00,'2022-01-25','2022-02-28','4dad90af3b8309cef52c3849ef150c46.png','2024-06-12 19:55:07','2024-06-12 19:55:07'),(49,47,'Same Spot',7673.00,'2022-03-24','2022-03-31','5d1ab5abc414d68dae035aedf6957740.png','2024-06-12 19:55:08','2024-06-12 19:55:08'),(50,48,'Even if it becomes ruins',7640.00,'2021-11-24','2022-02-28','f412ff924ed13344338262e8828795ee.png','2024-06-12 19:55:09','2024-06-12 19:55:09'),(51,49,'Lalisa',73336.00,'2021-09-10','2022-04-30','75f1acd1ddcdbd756eaf69388bcc5694.png','2024-06-12 19:55:10','2024-06-12 19:55:10'),(52,50,'Moonlight',3705.00,'2022-01-17','2022-01-31','2800a54e380d9e896c64b5db02acce50.png','2024-06-12 19:55:11','2024-06-12 19:55:11'),(53,51,'Devil',21831.00,'2022-01-13','2022-02-28','83ce9bb507a73e7536721da6bbe57618.png','2024-06-12 19:55:12','2024-06-12 19:55:12'),(54,52,'Marvelous',48067.00,'2022-01-12','2022-01-31','6d2066119b227cdb44258548422861c0.png','2024-06-12 19:55:13','2024-06-12 19:55:13'),(55,53,'My',90064.00,'2022-04-27','2022-04-30','7e7342d1897cd21296e91f6aedf08b8b.png','2024-06-12 19:55:14','2024-06-12 19:55:14'),(56,54,'No Limit',23015.00,'2021-11-19','2022-02-28','b5c028841aea9b6580e8e7c373673980.png','2024-06-12 19:55:16','2024-06-12 19:55:16'),(57,54,'Shape of Love',284668.00,'2022-04-26','2022-04-30','b01bf882fa5164a20d90373e2de5720a.png','2024-06-12 19:55:17','2024-06-12 19:55:17'),(58,55,'Refuge',144205.00,'2022-03-15','2022-04-30','c1367c9a09c89346d72d5693399ecb11.png','2024-06-12 19:55:18','2024-06-12 19:55:18'),(59,56,'6equence',78120.00,'2022-01-19','2022-02-28','3486e35543af0a3792ce4965eab7259c.png','2024-06-12 19:55:19','2024-06-12 19:55:19'),(60,56,'CITT: Cheese in the Trap',86508.00,'2022-04-28','2022-04-30','ab804618a451607e53d2e3c45e0f66d4.png','2024-06-12 19:55:20','2024-06-12 19:55:20'),(61,57,'Sticker',31194.00,'2021-09-17','2022-04-30','658ad7cbbea5e6d8e981a0e38b66ed88.png','2024-06-12 19:55:21','2024-06-12 19:55:21'),(62,57,'Favorite',30331.00,'2021-10-25','2022-03-31','f9f5203610602771aa07e07e3fe96afa.png','2024-06-12 19:55:22','2024-06-12 19:55:22'),(63,58,'Universe',118633.00,'2021-12-14','2022-04-30','b8338ef05694a03aa5aa50329c59f4d1.png','2024-06-12 19:55:23','2024-06-12 19:55:23'),(64,59,'Glitch Mode',1649993.00,'2022-03-28','2022-04-30','d9cd2650dab97c0857f687b55bdd4f61.png','2024-06-12 19:55:24','2024-06-12 19:55:24'),(65,60,'New World',3618.00,'2022-03-30','2022-04-30','f39f3ab9dafb9342e42aba1169cda523.png','2024-06-12 19:55:25','2024-06-12 19:55:25'),(66,61,'Ad Mare',406936.00,'2022-02-22','2022-04-30','58c1d85c66a4c967ca41bb11bfbdbdcc.png','2024-06-12 19:55:26','2024-06-12 19:55:26'),(67,62,'Need & Bubble: Nu\'est the Best Album',63446.00,'2022-03-15','2022-03-31','363855eb5daf02dd4e99b69f510406aa.png','2024-06-12 19:55:27','2024-06-12 19:55:27'),(68,63,'Real Love',66912.00,'2022-03-28','2022-04-30','f12dcb2d32a63f2f1471568bacf996e5.png','2024-06-12 19:55:28','2024-06-12 19:55:28'),(69,64,'Love Me Like',86941.00,'2022-01-05','2022-01-31','3253f40350f4e7e8a8ab0883ba5c1766.png','2024-06-12 19:55:29','2024-06-12 19:55:29'),(70,65,'Dice',119006.00,'2022-04-11','2022-04-30','84de4d22408de1ca3dfd1d35ae28d957.png','2024-06-12 19:55:30','2024-06-12 19:55:30'),(71,66,'Planet Nine: Voyager',18075.00,'2022-01-04','2022-02-28','2e0247f50e3f9507078dc41f150814bf.png','2024-06-12 19:55:31','2024-06-12 19:55:31'),(72,67,'Goosebumps',4396.00,'2021-12-03','2022-01-31','228d334c8b9f3c816c0cad7178e2bcdb.png','2024-06-12 19:55:32','2024-06-12 19:55:32'),(73,68,'Instint, Pt.2',49362.00,'2022-01-14','2022-01-31','506ba304d270b52cb2e9a64221892d4f.png','2024-06-12 19:55:34','2024-06-12 19:55:34'),(74,69,'Disharmony: Find Out',91969.00,'2022-01-03','2022-01-31','05c918bd8708e76b6faa34999f65b482.png','2024-06-12 19:55:35','2024-06-12 19:55:35'),(75,70,'In:Vite U',90114.00,'2022-01-24','2022-02-28','82dd4439d653637f617d1e552c749dfc.png','2024-06-12 19:55:36','2024-06-12 19:55:36'),(76,71,'Memem',32266.00,'2022-03-29','2022-03-31','972d55f4d1bd06f82ddb9c74bdc824a8.png','2024-06-12 19:55:37','2024-06-12 19:55:37'),(77,72,'Love & Fight',10359.00,'2022-02-08','2022-02-28','d1ffeb498f05ea8daf1228f87f39794a.png','2024-06-12 19:55:38','2024-06-12 19:55:38'),(78,73,'The Reve Festival 2022: Feel My Rhythm',560838.00,'2022-03-21','2022-04-30','5667eda66903fcd0c516e817052aae5e.png','2024-06-12 19:55:39','2024-06-12 19:55:39'),(79,74,'Yellow Punch',20055.00,'2022-02-28','2022-04-30','f0424fd8d65db147ca1db790ec18e6db.png','2024-06-12 19:55:40','2024-06-12 19:55:40'),(80,75,'Attacca',30049.00,'2021-10-22','2022-04-30','4b1d241a1979698d891ea6cf37e822be.png','2024-06-12 19:55:41','2024-06-12 19:55:41'),(81,76,'Face',43599.00,'2022-03-16','2022-04-30','65b1c9b275679a9723af6baa59926911.png','2024-06-12 19:55:42','2024-06-12 19:55:42'),(82,77,'2021 Winter SMTOWN: SMCU Express',56940.00,'2021-12-27','2022-01-31','f9b39975bd187cc157b12b697058bdb2.png','2024-06-12 19:55:43','2024-06-12 19:55:43'),(83,77,'2021 Winter SMTOWN: SMCU Express',12971.00,'2021-12-27','2022-03-31','236a6923facffd7ad49d5f96610fc3cb.png','2024-06-12 19:55:44','2024-06-12 19:55:44'),(84,77,'2021 Winter SMTOWN: SMCU Express',5974.00,'2021-12-27','2022-03-31','691235f141d2d29608d87b10bd335983.png','2024-06-12 19:55:45','2024-06-12 19:55:45'),(85,77,'2021 Winter SMTOWN: SMCU Express',74162.00,'2021-12-27','2022-03-31','37fa4d6d845f3ed8de44f5397b0d46ce.png','2024-06-12 19:55:46','2024-06-12 19:55:46'),(86,77,'2021 Winter SMTOWN: SMCU Express',74087.00,'2021-12-27','2022-03-31','c72e2799614f74e841d3161d24be0e7b.png','2024-06-12 19:55:48','2024-06-12 19:55:48'),(87,77,'2021 Winter SMTOWN: SMCU Express',41833.00,'2021-12-27','2022-03-31','62ae948b2bb004e879c9195990ea5665.png','2024-06-12 19:55:49','2024-06-12 19:55:49'),(88,77,'2021 Winter SMTOWN: SMCU Express',5265.00,'2021-12-27','2022-01-31','cedade6880622a3fbb3d522d352b9ee9.png','2024-06-12 19:55:50','2024-06-12 19:55:50'),(89,77,'2021 Winter SMTOWN: SMCU Express',62545.00,'2021-12-27','2022-03-31','cae73fa734fad2c8882e469d40ec1e60.png','2024-06-12 19:55:51','2024-06-12 19:55:51'),(90,77,'2021 Winter SMTOWN: SMCU Express',14336.00,'2021-12-27','2022-01-31','89da0ff0caf2f7f63b019f4462a67a06.png','2024-06-12 19:55:52','2024-06-12 19:55:52'),(91,77,'2021 Winter SMTOWN: SMCU Express',2218.00,'2021-12-27','2022-01-31','12402df90242729260e76ae94770dadb.png','2024-06-12 19:55:53','2024-06-12 19:55:53'),(92,78,'Gray Suit',186465.00,'2022-04-04','2022-04-30','e6de1871156821787993fcfcd7c39cf0.png','2024-06-12 19:55:54','2024-06-12 19:55:54'),(93,79,'Young-Luv.com',182131.00,'2022-02-21','2022-04-30','b520485dcdc39e79dbd7320092b70b7b.png','2024-06-12 19:55:55','2024-06-12 19:55:55'),(94,80,'Christmas EveL',14418.00,'2021-11-29','2022-04-30','ab9be10c8c870ed8eac7b2fc35d579a2.png','2024-06-12 19:55:56','2024-06-12 19:55:56'),(95,80,'Oddinary',1000088.00,'2022-03-18','2022-04-30','1b468cafa083420a148974d102c49380.png','2024-06-12 19:55:57','2024-06-12 19:55:57'),(96,81,'The Road: Winter for Spring',142663.00,'2022-02-28','2022-04-30','63967b3e9c65f6675d3704baa84c5cde.png','2024-06-12 19:55:58','2024-06-12 19:55:58'),(97,82,'Countdown Zero (Epilogue)',8458.00,'2021-12-09','2022-01-31','d91aa62970d118952b79f05f28ee257d.png','2024-06-12 19:55:59','2024-06-12 19:55:59'),(98,83,'INVU',179611.00,'2022-02-14','2022-04-30','9aad0759457c2e5ae9a0566f4277ed41.png','2024-06-12 19:56:00','2024-06-12 19:56:00'),(99,84,'It\'s Me, It\'s We',82307.00,'2022-03-02','2022-04-30','a9384c7bb4b12bc00a964edc7337e32c.png','2024-06-12 19:56:02','2024-06-12 19:56:02'),(100,85,'Limited Edition \'1TAN\'',8870.00,'2022-03-10','2022-04-30','954d458aada2b00a6643462ddc399125.png','2024-06-12 19:56:03','2024-06-12 19:56:03'),(101,86,'Maverick',5566.00,'2021-11-01','2022-02-28','cc037dd03fffd9eb4325e12c2ac2d1f7.png','2024-06-12 19:56:05','2024-06-12 19:56:05'),(102,86,'Webtoon Level Up Alone (OST)',10573.00,'2022-03-18','2022-03-31','1998251d1b2a4eec8ecaf7a400b03f07.png','2024-06-12 19:56:06','2024-06-12 19:56:06'),(103,87,'The Second Step: Chapter One',668539.00,'2022-02-15','2022-04-30','e1e4c8382c61723be16a1aa675701fe2.png','2024-06-12 19:56:07','2024-06-12 19:56:07'),(104,88,'Blue Set Chapter 1. Tracks',6170.00,'2022-01-05','2022-01-31','743b3914d2ba2b37ad48c96753b740ab.png','2024-06-12 19:56:08','2024-06-12 19:56:08'),(105,89,'Formula of Love: OT=<3',8293.00,'2021-12-17','2022-03-31','e4bf714ce174fef063de87f075e0a226.png','2024-06-12 19:56:09','2024-06-12 19:56:09'),(106,90,'Novella',31415.00,'2022-01-03','2022-04-30','014f49c9a44b1ee017561d05c4f9274b.png','2024-06-12 19:56:10','2024-06-12 19:56:10'),(107,91,'Serioues O-Round 3: Whole',97187.00,'2022-04-25','2022-04-30','c756d8bbba181ca1ea2d5018281d117a.png','2024-06-12 19:56:12','2024-06-12 19:56:12'),(108,92,'Chronograph',60959.00,'2022-01-18','2022-02-28','5e46a6846b41bd65310efb0be3229f2d.png','2024-06-12 19:56:13','2024-06-12 19:56:13'),(109,93,'Beam of Prism',43638.00,'2022-02-10','2022-02-28','eae5b5b2a74b12d7a77ebba4323a2a11.png','2024-06-12 19:56:14','2024-06-12 19:56:14'),(110,94,'Play Game: Awake',81537.00,'2022-03-07','2022-03-31','548d65c348c0d839662f5b01d7c2c744.png','2024-06-12 19:56:15','2024-06-12 19:56:15'),(111,95,'Love Pt. 1: First Love',119853.00,'2022-03-16','2022-03-31','0f5f31fa6892bc5428bf5bb57e48ed6c.png','2024-06-12 19:56:16','2024-06-12 19:56:16'),(112,96,'Whee',69470.00,'2022-01-17','2022-01-31','a25cdf8ed6f7e71856af5061bb1d91d6.png','2024-06-12 19:56:18','2024-06-12 19:56:18'),(113,97,'Obsession',56627.00,'2022-02-16','2022-03-31','49d7ed7eadc7568e06fdfa7cf181e094.png','2024-06-12 19:56:19','2024-06-12 19:56:19'),(114,98,'Pilmography',33668.00,'2022-02-10','2022-02-28','d73d3113a6b8f0ce65d1c515e0be7276.png','2024-06-12 19:56:20','2024-06-12 19:56:20'),(115,99,'Super Yuppers!',15135.00,'2022-01-05','2022-01-31','0a4efca97842524a42df4d9c0c0b6b98.png','2024-06-12 19:56:21','2024-06-12 19:56:21'),(116,100,'End Theory Final Ed.',7001.00,'2022-03-30','2022-03-31','edafa00e901fb30833b0b0200f318db2.png','2024-06-12 19:56:22','2024-06-12 19:56:22'),(117,101,'Miro',6595.00,'2022-04-27','2022-04-30','861227ec0b8f80cd40b5366eb85ddec3.png','2024-06-12 19:56:23','2024-06-12 19:56:23'),(118,102,'Youni-Birth',21927.00,'2022-04-22','2022-04-30','4649161ef1cb847a0da39b6bd8ad843a.png','2024-06-12 19:56:24','2024-06-12 19:56:24'),(119,103,'Rec.',22970.00,'2022-01-21','2022-01-31','b5f80e4e1c997f53157eb9f202b5bc3c.png','2024-06-12 19:56:25','2024-06-12 19:56:25'),(121,105,'OMG',100000.00,'2023-01-02','2023-12-13','On7V25v1fT1718274075.png','2024-06-13 02:21:15','2024-06-13 02:21:15');
/*!40000 ALTER TABLE `album` ENABLE KEYS */;
UNLOCK TABLES;

--
-- Table structure for table `artist`
--

DROP TABLE IF EXISTS `artist`;
/*!40101 SET @saved_cs_client     = @@character_set_client */;
/*!50503 SET character_set_client = utf8mb4 */;
CREATE TABLE `artist` (
  `id` bigint unsigned NOT NULL AUTO_INCREMENT,
  `code` varchar(60) COLLATE utf8mb4_unicode_ci NOT NULL,
  `name` varchar(255) COLLATE utf8mb4_unicode_ci NOT NULL,
  `created_at` timestamp NULL DEFAULT NULL,
  `updated_at` timestamp NULL DEFAULT NULL,
  PRIMARY KEY (`id`)
) ENGINE=InnoDB AUTO_INCREMENT=106 DEFAULT CHARSET=utf8mb4 COLLATE=utf8mb4_unicode_ci;
/*!40101 SET character_set_client = @saved_cs_client */;

--
-- Dumping data for table `artist`
--

LOCK TABLES `artist` WRITE;
/*!40000 ALTER TABLE `artist` DISABLE KEYS */;
INSERT INTO `artist` VALUES (1,'5f959669-4d5f-4ef6-a3ee-ae0b192aa203','AB6IXs','2024-06-12 19:54:14','2024-06-12 21:17:16'),(2,'0a75b4ba-e4d9-4ca6-ab3b-720ff1ecf6c2','aespa','2024-06-12 19:54:15','2024-06-12 19:54:15'),(3,'89a1b1d7-dd16-402c-bf36-c7495b2f6d7a','Apink','2024-06-12 19:54:17','2024-06-12 19:54:17'),(4,'146efc08-4e23-4086-a4f8-4eb7f3cda99a','ATEEZ','2024-06-12 19:54:18','2024-06-12 19:54:18'),(5,'dce80117-acdb-4af6-a2ee-0a0c98095fc3','BAE173','2024-06-12 19:54:19','2024-06-12 19:54:19'),(6,'6eab7b50-5c86-440e-ac81-9a00bc027922','BamBam','2024-06-12 19:54:20','2024-06-12 19:54:20'),(7,'39d32f26-011e-473f-9e3c-e090c41cc27c','Bang Yongguk','2024-06-12 19:54:21','2024-06-12 19:54:21'),(8,'f9820d78-07e4-4ce1-9f1f-e4fd147027ae','Billlie','2024-06-12 19:54:22','2024-06-12 19:54:22'),(9,'df777bd6-6e1b-4374-a3ea-8fad063f202b','Blitzers','2024-06-12 19:54:23','2024-06-12 19:54:23'),(10,'53a8f851-e0f2-4989-b0c0-3adc2a9e448b','Bolbbalgan4','2024-06-12 19:54:24','2024-06-12 19:54:24'),(11,'5d5118cf-e31c-4666-8cea-52ac74c83d01','Brave Girls','2024-06-12 19:54:26','2024-06-12 19:54:26'),(12,'7d286463-e19b-4a80-9582-0a94f8eb223d','BTOB','2024-06-12 19:54:27','2024-06-12 19:54:27'),(13,'0027da73-e392-43b8-a01a-e8404149ad5e','Choi Yena','2024-06-12 19:54:28','2024-06-12 19:54:28'),(14,'4fdaab3a-ee79-4667-bffa-98bb5aa9f688','Cravity','2024-06-12 19:54:29','2024-06-12 19:54:29'),(15,'6dd294a8-ae86-40e3-bc6a-688b0fd370e9','Cherry Bullet','2024-06-12 19:54:30','2024-06-12 19:54:30'),(16,'4c728c94-fb3a-41c6-88ca-de065700b9ab','Def.','2024-06-12 19:54:31','2024-06-12 19:54:31'),(17,'ca211c46-70a9-4274-9f72-8538ec1c174d','DKZ','2024-06-12 19:54:32','2024-06-12 19:54:32'),(18,'be1c9eb4-2602-470f-ac56-51218e240d2f','Dreamcatcher','2024-06-12 19:54:33','2024-06-12 19:54:33'),(19,'190130a6-41c2-44bc-9d63-f567031ee8d9','Drippin','2024-06-12 19:54:34','2024-06-12 19:54:34'),(20,'250b67aa-f3c4-4fee-a71d-f5245ce64a89','E\'LAST','2024-06-12 19:54:35','2024-06-12 19:54:35'),(21,'8b451f4a-9aaa-4f52-afb4-96782d753684','Enhypen','2024-06-12 19:54:36','2024-06-12 19:54:36'),(22,'a0f27158-145c-45c5-a308-031c387201c5','Epex','2024-06-12 19:54:38','2024-06-12 19:54:38'),(23,'24e49fef-57a5-4109-ac69-bda9b2935760','Epik High','2024-06-12 19:54:39','2024-06-12 19:54:39'),(24,'61dbb0c2-06c9-429b-9da9-5b6ca96adf6e','Eric Nam','2024-06-12 19:54:40','2024-06-12 19:54:40'),(25,'fe989daa-083b-4156-86b2-fb6af9697f73','Everglow','2024-06-12 19:54:42','2024-06-12 19:54:42'),(26,'8fe230ce-1c9a-45c1-a837-e83d4ebd28d4','fromis_9','2024-06-12 19:54:43','2024-06-12 19:54:43'),(27,'b4a281fb-963f-4258-92cb-d4c995f01700','(G)I-dle','2024-06-12 19:54:44','2024-06-12 19:54:44'),(28,'acaef6ca-df41-41f3-9683-7fc0390da721','Ghost9','2024-06-12 19:54:45','2024-06-12 19:54:45'),(29,'6415832b-c5a8-488f-a0f4-b709162bdd87','Ha Sungwoon','2024-06-12 19:54:46','2024-06-12 19:54:46'),(30,'9afb2927-fc18-4369-9f44-ee32de936b92','Highlight','2024-06-12 19:54:47','2024-06-12 19:54:47'),(31,'b1f5c5af-4515-4551-90ad-7286f2d3cc32','ILY:1','2024-06-12 19:54:48','2024-06-12 19:54:48'),(32,'937cd1df-6821-4ef6-b8ba-3836c52c372c','IVE','2024-06-12 19:54:49','2024-06-12 19:54:49'),(33,'eca5821a-b5ad-4643-80db-1ed0b479a1e6','Jinjin & Rocky','2024-06-12 19:54:51','2024-06-12 19:54:51'),(34,'da8d4c80-7bb7-4452-ac20-eab285e58ea9','Just B','2024-06-12 19:54:52','2024-06-12 19:54:52'),(35,'0ebba73e-931d-46d0-9f8b-6fbfdbfaef89','Kai','2024-06-12 19:54:53','2024-06-12 19:54:53'),(36,'38f32b21-64b6-42ae-ba9e-aa2e3cfc39d9','Kang Hyewon','2024-06-12 19:54:54','2024-06-12 19:54:54'),(37,'3f6c25b1-bac5-4654-8554-0c20c5b6cff6','Kep1er','2024-06-12 19:54:55','2024-06-12 19:54:55'),(38,'187c8ef2-3ab2-48ba-a9e1-c22d18d3563c','Kihyun','2024-06-12 19:54:56','2024-06-12 19:54:56'),(39,'37d260d4-bb74-4c2b-a037-72e29e3fbf44','Kim Jaehwan','2024-06-12 19:54:57','2024-06-12 19:54:57'),(40,'aa466b19-63fb-4637-ab9f-3112f268e915','Kim Junsu','2024-06-12 19:54:58','2024-06-12 19:54:58'),(41,'6dc36f26-cc32-4430-8127-5406c5e61a7c','Kim Sungkyu','2024-06-12 19:55:00','2024-06-12 19:55:00'),(42,'8f72980d-a257-4861-8f3a-49301632a7cf','Kim Wooseok','2024-06-12 19:55:01','2024-06-12 19:55:01'),(43,'d6692b50-f80f-4e19-b12b-a66f20fb35f7','Kim Yohan','2024-06-12 19:55:02','2024-06-12 19:55:02'),(44,'0de62e7a-86af-49cb-bf3b-e744be757684','Kingdom','2024-06-12 19:55:04','2024-06-12 19:55:04'),(45,'e95e9dae-ab60-4348-8306-feada9a91a26','Kwon Eunbi','2024-06-12 19:55:05','2024-06-12 19:55:05'),(46,'0dcdcda8-bf9a-4d08-be0b-177d1dc7d5e7','Kyuhyun','2024-06-12 19:55:06','2024-06-12 19:55:06'),(47,'541f0a97-2d50-4f0c-a57a-642a94cfd044','Lee Seokhoon','2024-06-12 19:55:07','2024-06-12 19:55:07'),(48,'77488617-2ec7-4544-a6ef-821b41411357','Lee Seungyoon','2024-06-12 19:55:08','2024-06-12 19:55:08'),(49,'2d3b5602-53e0-4615-9358-0f40d7cb7773','Lisa','2024-06-12 19:55:09','2024-06-12 19:55:09'),(50,'813247ab-8f99-4b3a-b92b-001c47511cf4','LUNA','2024-06-12 19:55:10','2024-06-12 19:55:10'),(51,'ac21f129-e129-451d-bbf9-86d03478fdbb','Max Changmin','2024-06-12 19:55:11','2024-06-12 19:55:11'),(52,'cf083cb3-690f-4731-a1af-6b7ca47af9ca','Mirae','2024-06-12 19:55:12','2024-06-12 19:55:12'),(53,'4c11fb79-807e-42c0-85cb-99fe793d4e0b','Miyeon','2024-06-12 19:55:13','2024-06-12 19:55:13'),(54,'23121d72-d953-4e42-87e2-480c376dc424','Monsta X','2024-06-12 19:55:15','2024-06-12 19:55:15'),(55,'09a82e9f-59ca-420e-8625-e66ef8ed2733','Moonbin & Sanha','2024-06-12 19:55:17','2024-06-12 19:55:17'),(56,'a2d309b8-4b03-4dab-8fe1-7405832fade6','Moonbyul','2024-06-12 19:55:18','2024-06-12 19:55:18'),(57,'1af27dca-ad90-4637-a922-3bcce7065c6d','NCT 127','2024-06-12 19:55:20','2024-06-12 19:55:20'),(58,'2ece87c3-3a09-41a6-8ac4-4991c6b20c23','NCT 2021','2024-06-12 19:55:22','2024-06-12 19:55:22'),(59,'17f90c8c-be44-444e-a2c1-327cc972c778','NCT Dream','2024-06-12 19:55:23','2024-06-12 19:55:23'),(60,'ce8c1218-3c19-4ed4-8615-2e8b5d19e230','NINE.i','2024-06-12 19:55:24','2024-06-12 19:55:24'),(61,'bc3aac1b-aea6-4f1e-8152-12e6e11cb6ee','NMIXX','2024-06-12 19:55:25','2024-06-12 19:55:25'),(62,'71303d25-c461-40bd-a49c-25fbbbc4a89d','NU\'EST','2024-06-12 19:55:26','2024-06-12 19:55:26'),(63,'536c2849-0872-4c25-a66f-e22f1ff0cd29','Oh My Girl','2024-06-12 19:55:27','2024-06-12 19:55:27'),(64,'d52a6a03-9792-4d2d-8729-77e678a459f3','Omega X','2024-06-12 19:55:28','2024-06-12 19:55:28'),(65,'51ecc28c-2b7f-478f-b381-b929b4899d19','Onew','2024-06-12 19:55:29','2024-06-12 19:55:29'),(66,'045192f0-d235-4c30-9d8e-e57a9e118e80','ONEWE','2024-06-12 19:55:30','2024-06-12 19:55:30'),(67,'44969a66-196b-40e1-8674-eae3296d5202','ONF','2024-06-12 19:55:31','2024-06-12 19:55:31'),(68,'94ac7c98-c451-4049-b337-edf8dfc7aed3','OnlyOneOf','2024-06-12 19:55:32','2024-06-12 19:55:32'),(69,'96c6d2b8-dac8-48ce-bd3b-674dd95c0c9d','P1Harmony','2024-06-12 19:55:34','2024-06-12 19:55:34'),(70,'1d7dd5e2-068e-473d-be4b-7926e5c7a895','Pentagon','2024-06-12 19:55:35','2024-06-12 19:55:35'),(71,'222131a4-fc0a-48ff-92a1-82f97c5b0678','Purple Kiss','2024-06-12 19:55:36','2024-06-12 19:55:36'),(72,'2e303f81-08e5-48d6-af17-b5771f2fce49','Ravi','2024-06-12 19:55:37','2024-06-12 19:55:37'),(73,'4dadd1c6-f554-48ae-9624-ae1231b202b1','Red Velvet','2024-06-12 19:55:38','2024-06-12 19:55:38'),(74,'1d6b687c-aa62-4209-b422-07971d328155','Rocket Punch','2024-06-12 19:55:39','2024-06-12 19:55:39'),(75,'546f3743-a35d-403b-b91f-3048ff96964f','Seventeen','2024-06-12 19:55:40','2024-06-12 19:55:40'),(76,'03890305-03c0-45f1-873c-1464a97b6547','Solar','2024-06-12 19:55:41','2024-06-12 19:55:41'),(77,'98385f43-c591-4590-a71c-bb07c6c3416e','SMTOWN','2024-06-12 19:55:42','2024-06-12 19:55:42'),(78,'c7f35074-cea7-4ed3-87d1-10654e36bc9f','Suho','2024-06-12 19:55:53','2024-06-12 19:55:53'),(79,'ddf89d18-ce40-4cf2-8bd7-a205a14a8812','StayC','2024-06-12 19:55:54','2024-06-12 19:55:54'),(80,'401c764d-7fdf-4784-9ee7-7b72020bbb00','Stray Kids','2024-06-12 19:55:55','2024-06-12 19:55:55'),(81,'a3256597-4048-4571-bb42-fe335f1ea47c','Super Junior','2024-06-12 19:55:57','2024-06-12 19:55:57'),(82,'d8e4261d-9f9a-4eb0-827b-9b5f6e370b2c','Super Junior - D&E','2024-06-12 19:55:58','2024-06-12 19:55:58'),(83,'f9caf477-88a1-4b71-967b-594abef39ea9','Taeyeon','2024-06-12 19:55:59','2024-06-12 19:55:59'),(84,'8f5b8233-d3f9-4858-8c85-2866e08c0ae7','Tempest','2024-06-12 19:56:00','2024-06-12 19:56:00'),(85,'b37e1a04-e6a7-4fc5-8716-f7c221472a8f','Tan','2024-06-12 19:56:02','2024-06-12 19:56:02'),(86,'a9af250e-7420-4f2d-af6b-4cd18df8ba5a','The Boyz','2024-06-12 19:56:03','2024-06-12 19:56:03'),(87,'9620bf2b-ceaf-4583-ab73-431806ddb940','Treasure','2024-06-12 19:56:06','2024-06-12 19:56:06'),(88,'3d3a0489-9121-4e66-a0d2-dd63eba0d3fe','Trendz','2024-06-12 19:56:07','2024-06-12 19:56:07'),(89,'81c5c221-9977-43f4-aa0b-ef043648bee3','Twice','2024-06-12 19:56:08','2024-06-12 19:56:08'),(90,'2b713ff2-f60e-432d-a4fb-364286346ec2','UP10TION','2024-06-12 19:56:09','2024-06-12 19:56:09'),(91,'f29fc692-9cdb-4909-9560-5600a4ca03b7','Verivery','2024-06-12 19:56:10','2024-06-12 19:56:10'),(92,'7d9c10a4-a7f5-47d1-b852-ea942746d048','Victon','2024-06-12 19:56:12','2024-06-12 19:56:12'),(93,'0c069dc8-559e-4c0b-8642-a225b649246e','Viviz','2024-06-12 19:56:13','2024-06-12 19:56:13'),(94,'7a77ee25-82e2-4d53-a8f5-b1c82a586385','Weeekly','2024-06-12 19:56:14','2024-06-12 19:56:14'),(95,'5be70430-1740-41b2-9cd3-6d89b79a30f7','WEi','2024-06-12 19:56:15','2024-06-12 19:56:15'),(96,'2f1c09fd-eb1d-4e70-92db-751cd95748e0','Wheein','2024-06-12 19:56:16','2024-06-12 19:56:16'),(97,'97bba006-2640-4e9b-8843-d217c78f5139','Wonho','2024-06-12 19:56:18','2024-06-12 19:56:18'),(98,'777f7a12-14c0-42a2-853e-332cf23c3910','Wonpil','2024-06-12 19:56:19','2024-06-12 19:56:19'),(99,'3591f220-2798-4290-8347-d4095a598c3e','WJSN Chocome','2024-06-12 19:56:20','2024-06-12 19:56:20'),(100,'11575456-05d7-4c63-a334-d514f090ee86','Younha','2024-06-12 19:56:21','2024-06-12 19:56:21'),(101,'80326827-979a-42b7-9a09-8d968d1089b5','Yoon Jisung','2024-06-12 19:56:22','2024-06-12 19:56:22'),(102,'0692710b-cae0-45b2-b183-710ad3d09b88','Younite','2024-06-12 19:56:23','2024-06-12 19:56:23'),(103,'57352b3b-0c1c-4ad5-8aaf-fc977d4a0293','Yuju','2024-06-12 19:56:24','2024-06-12 19:56:24'),(105,'5fae628c-c873-45ef-9f1f-3e6f97ecb1c2','New Jeans','2024-06-13 02:17:38','2024-06-13 02:17:38');
/*!40000 ALTER TABLE `artist` ENABLE KEYS */;
UNLOCK TABLES;

--
-- Table structure for table `artist_album`
--

DROP TABLE IF EXISTS `artist_album`;
/*!40101 SET @saved_cs_client     = @@character_set_client */;
/*!50503 SET character_set_client = utf8mb4 */;
CREATE TABLE `artist_album` (
  `id` int DEFAULT NULL,
  `artist` text,
  `album` text,
  `sales` double DEFAULT NULL,
  `date_released` text,
  `last_update` text
) ENGINE=InnoDB DEFAULT CHARSET=utf8mb4 COLLATE=utf8mb4_0900_ai_ci;
/*!40101 SET character_set_client = @saved_cs_client */;

--
-- Dumping data for table `artist_album`
--

LOCK TABLES `artist_album` WRITE;
/*!40000 ALTER TABLE `artist_album` DISABLE KEYS */;
INSERT INTO `artist_album` VALUES (1,'AB6IX','Complete with You: Special Album',43058,'220117','220131'),(2,'aespa','Savage',19629,'211005','220430'),(3,'Apink','Horn',58641,'220214','220228'),(4,'ATEEZ','Zero: Fever Epilogue',3578,'211210','220131'),(5,'BAE173','Intersection: Blaze',16801,'220330','220430'),(6,'BamBam','B',87540,'220118','220131'),(7,'Bang Yongguk','2',6933,'220302','220331'),(8,'Billlie','The Collective Soul and Unconscious: Chapter One',66885,'220223','220430'),(9,'Blitzers','Bobbin',17719,'220103','220131'),(10,'Bolbbalgan4','Seoul',2596,'220420','220430'),(11,'Brave Girls','Thank You',33605,'220315','220331'),(12,'BTOB','Be Together',121528,'220221','220331'),(13,'Choi Yena','Smiley',84346,'220117','220331'),(14,'Cravity','Liberty: In Our Cosmos Part.2',123922,'220322','220430'),(15,'Cherry Bullet','Cherry Wish',20250,'220302','220331'),(16,'Def.','Love',41148,'220126','220131'),(17,'DKZ','Chase, Ep.2-Maum',118583,'220412','220430'),(18,'Dreamcatcher','Apocalypse: Save Us',94706,'220412','220430'),(19,'Drippin','Villian',37535,'220117','220430'),(20,'E\'LAST','Roar',48695,'220427','220430'),(21,'Enhypen','Dimension: Dilemma',27591,'211012','220430'),(22,'Enhypen','Dimension: Answer',621425,'220110','220430'),(23,'Epex','Book of Anxiety Chapter1. 21st Century Boys',71584,'220411','220430'),(24,'Epik High','Epik High is Here',5382,'220214','220228'),(25,'Eric Nam','There and Back Again',2183,'220107','220430'),(26,'Everglow','Return of the Girl',2450,'211201','220131'),(27,'fromis_9','Midnight Guest',120245,'220117','220331'),(28,'(G)I-dle','I Never Die',198589,'220314','220430'),(29,'Ghost9','Arcade: V',9311,'220407','220430'),(30,'Ha Sungwoon','You',18717,'220209','220228'),(31,'Highlight','Daydream',86293,'220321','220430'),(32,'ILY:1','Love in Bloom',3181,'220404','220430'),(33,'IVE','Eleven',37284,'211201','220430'),(34,'IVE','Love Dive',440067,'220405','220430'),(35,'Jinjin & Rocky','Restore',57401,'220117','220228'),(36,'Just B','Just Begun',51504,'220414','220430'),(37,'Kai','Peaches',5373,'211130','220131'),(38,'Kang Hyewon','Winter Special Album: W',18305,'220104','220131'),(39,'Kep1er','First Impact',271048,'220103','220430'),(40,'Kihyun','Voyager',141407,'220315','220430'),(41,'Kim Jaehwan','The Letter',9639,'211228','220131'),(42,'Kim Junsu','Dimension',55470,'220317','220430'),(43,'Kim Sungkyu','Savior',28082,'220422','220430'),(44,'Kim Wooseok','Reve: 3rd Desire',67957,'220307','220331'),(45,'Kim Yohan','Illusoin',51754,'220110','220131'),(46,'Kingdom','History of Kingdom: Pt. 4: Dann',19450,'220331','220430'),(47,'Kwon Eunbi','Color',55923,'220404','220430'),(48,'Kyuhyun','Love Story (4 Season Project ?)',37215,'220125','220228'),(49,'Lee Seokhoon','Same Spot',7673,'220324','220331'),(50,'Lee Seungyoon','Even if it becomes ruins',7640,'211124','220228'),(51,'Lisa','Lalisa',73336,'210910','220430'),(52,'LUNA','Moonlight',3705,'220117','220131'),(53,'Max Changmin','Devil',21831,'220113','220228'),(54,'Mirae','Marvelous',48067,'220112','220131'),(55,'Miyeon','My',90064,'220427','220430'),(56,'Monsta X','No Limit',23015,'211119','220228'),(57,'Monsta X','Shape of Love',284668,'220426','220430'),(58,'Moonbin & Sanha','Refuge',144205,'220315','220430'),(59,'Moonbyul','6equence',78120,'220119','220228'),(60,'Moonbyul','CITT: Cheese in the Trap',86508,'220428','220430'),(61,'NCT 127','Sticker',31194,'210917','220430'),(62,'NCT 127','Favorite',30331,'211025','220331'),(63,'NCT 2021','Universe',118633,'211214','220430'),(64,'NCT Dream','Glitch Mode',1649993,'220328','220430'),(65,'NINE.i','New World',3618,'220330','220430'),(66,'NMIXX','Ad Mare',406936,'220222','220430'),(67,'NU\'EST','Need & Bubble: Nu\'est the Best Album',63446,'220315','220331'),(68,'Oh My Girl','Real Love',66912,'220328','220430'),(69,'Omega X','Love Me Like',86941,'220105','220131'),(70,'Onew','Dice',119006,'220411','220430'),(71,'ONEWE','Planet Nine: Voyager',18075,'220104','220228'),(72,'ONF','Goosebumps',4396,'211203','220131'),(73,'OnlyOneOf','Instint, Pt.2',49362,'220114','220131'),(74,'P1Harmony','Disharmony: Find Out',91969,'220103','220131'),(75,'Pentagon','In:Vite U',90114,'220124','220228'),(76,'Purple Kiss','Memem',32266,'220329','220331'),(77,'Ravi','Love & Fight',10359,'220208','220228'),(78,'Red Velvet','The Reve Festival 2022: Feel My Rhythm',560838,'220321','220430'),(79,'Rocket Punch','Yellow Punch',20055,'220228','220430'),(80,'Seventeen','Attacca',30049,'211022','220430'),(81,'Solar','Face',43599,'220316','220430'),(82,'SMTOWN','2021 Winter SMTOWN: SMCU Express',56940,'211227','220131'),(83,'SMTOWN','2021 Winter SMTOWN: SMCU Express',12971,'211227','220331'),(84,'SMTOWN','2021 Winter SMTOWN: SMCU Express',5974,'211227','220331'),(85,'SMTOWN','2021 Winter SMTOWN: SMCU Express',74162,'211227','220331'),(86,'SMTOWN','2021 Winter SMTOWN: SMCU Express',74087,'211227','220331'),(87,'SMTOWN','2021 Winter SMTOWN: SMCU Express',41833,'211227','220331'),(88,'SMTOWN','2021 Winter SMTOWN: SMCU Express',5265,'211227','220131'),(89,'SMTOWN','2021 Winter SMTOWN: SMCU Express',62545,'211227','220331'),(90,'SMTOWN','2021 Winter SMTOWN: SMCU Express',14336,'211227','220131'),(91,'SMTOWN','2021 Winter SMTOWN: SMCU Express',2218,'211227','220131'),(92,'Suho','Gray Suit',186465,'220404','220430'),(93,'StayC','Young-Luv.com',182131,'220221','220430'),(94,'Stray Kids','Christmas EveL',14418,'211129','220430'),(95,'Stray Kids','Oddinary',1000088,'220318','220430'),(96,'Super Junior','The Road: Winter for Spring',142663,'220228','220430'),(97,'Super Junior - D&E','Countdown Zero (Epilogue)',8458,'211209','220131'),(98,'Taeyeon','INVU',179611,'220214','220430'),(99,'Tempest','It\'s Me, It\'s We',82307,'220302','220430'),(100,'Tan','Limited Edition \'1TAN\'',8870,'220310','220430'),(101,'The Boyz','Maverick',5566,'211101','220228'),(102,'The Boyz','Webtoon Level Up Alone (OST)',10573,'220318','220331'),(103,'Treasure','The Second Step: Chapter One',668539,'220215','220430'),(104,'Trendz','Blue Set Chapter 1. Tracks',6170,'220105','220131'),(105,'Twice','Formula of Love: OT=<3',8293,'211217','220331'),(106,'UP10TION','Novella',31415,'220103','220430'),(107,'Verivery','Serioues O-Round 3: Whole',97187,'220425','220430'),(108,'Victon','Chronograph',60959,'220118','220228'),(109,'Viviz','Beam of Prism',43638,'220210','220228'),(110,'Weeekly','Play Game: Awake',81537,'220307','220331'),(111,'WEi','Love Pt. 1: First Love',119853,'220316','220331'),(112,'Wheein','Whee',69470,'220117','220131'),(113,'Wonho','Obsession',56627,'220216','220331'),(114,'Wonpil','Pilmography',33668,'220210','220228'),(115,'WJSN Chocome','Super Yuppers!',15135,'220105','220131'),(116,'Younha','End Theory Final Ed.',7001,'220330','220331'),(117,'Yoon Jisung','Miro',6595,'220427','220430'),(118,'Younite','Youni-Birth',21927,'220422','220430'),(119,'Yuju','Rec.',22970,'220121','220131');
/*!40000 ALTER TABLE `artist_album` ENABLE KEYS */;
UNLOCK TABLES;

--
-- Table structure for table `failed_jobs`
--

DROP TABLE IF EXISTS `failed_jobs`;
/*!40101 SET @saved_cs_client     = @@character_set_client */;
/*!50503 SET character_set_client = utf8mb4 */;
CREATE TABLE `failed_jobs` (
  `id` bigint unsigned NOT NULL AUTO_INCREMENT,
  `uuid` varchar(255) COLLATE utf8mb4_unicode_ci NOT NULL,
  `connection` text COLLATE utf8mb4_unicode_ci NOT NULL,
  `queue` text COLLATE utf8mb4_unicode_ci NOT NULL,
  `payload` longtext COLLATE utf8mb4_unicode_ci NOT NULL,
  `exception` longtext COLLATE utf8mb4_unicode_ci NOT NULL,
  `failed_at` timestamp NOT NULL DEFAULT CURRENT_TIMESTAMP,
  PRIMARY KEY (`id`),
  UNIQUE KEY `failed_jobs_uuid_unique` (`uuid`)
) ENGINE=InnoDB DEFAULT CHARSET=utf8mb4 COLLATE=utf8mb4_unicode_ci;
/*!40101 SET character_set_client = @saved_cs_client */;

--
-- Dumping data for table `failed_jobs`
--

LOCK TABLES `failed_jobs` WRITE;
/*!40000 ALTER TABLE `failed_jobs` DISABLE KEYS */;
/*!40000 ALTER TABLE `failed_jobs` ENABLE KEYS */;
UNLOCK TABLES;

--
-- Table structure for table `forgot_password`
--

DROP TABLE IF EXISTS `forgot_password`;
/*!40101 SET @saved_cs_client     = @@character_set_client */;
/*!50503 SET character_set_client = utf8mb4 */;
CREATE TABLE `forgot_password` (
  `id` bigint unsigned NOT NULL AUTO_INCREMENT,
  `user_id` int NOT NULL,
  `uuid` varchar(60) COLLATE utf8mb4_unicode_ci NOT NULL,
  `token` varchar(60) COLLATE utf8mb4_unicode_ci NOT NULL,
  `created_at` timestamp NULL DEFAULT NULL,
  `updated_at` timestamp NULL DEFAULT NULL,
  PRIMARY KEY (`id`)
) ENGINE=InnoDB DEFAULT CHARSET=utf8mb4 COLLATE=utf8mb4_unicode_ci;
/*!40101 SET character_set_client = @saved_cs_client */;

--
-- Dumping data for table `forgot_password`
--

LOCK TABLES `forgot_password` WRITE;
/*!40000 ALTER TABLE `forgot_password` DISABLE KEYS */;
/*!40000 ALTER TABLE `forgot_password` ENABLE KEYS */;
UNLOCK TABLES;

--
-- Table structure for table `migrations`
--

DROP TABLE IF EXISTS `migrations`;
/*!40101 SET @saved_cs_client     = @@character_set_client */;
/*!50503 SET character_set_client = utf8mb4 */;
CREATE TABLE `migrations` (
  `id` int unsigned NOT NULL AUTO_INCREMENT,
  `migration` varchar(255) COLLATE utf8mb4_unicode_ci NOT NULL,
  `batch` int NOT NULL,
  PRIMARY KEY (`id`)
) ENGINE=InnoDB AUTO_INCREMENT=14 DEFAULT CHARSET=utf8mb4 COLLATE=utf8mb4_unicode_ci;
/*!40101 SET character_set_client = @saved_cs_client */;

--
-- Dumping data for table `migrations`
--

LOCK TABLES `migrations` WRITE;
/*!40000 ALTER TABLE `migrations` DISABLE KEYS */;
INSERT INTO `migrations` VALUES (1,'2014_10_12_000000_create_users_table',1),(2,'2014_10_12_100000_create_password_reset_tokens_table',1),(3,'2014_10_12_200000_add_two_factor_columns_to_users_table',1),(4,'2019_08_19_000000_create_failed_jobs_table',1),(5,'2019_12_14_000001_create_personal_access_tokens_table',1),(6,'2024_05_29_011402_create_sessions_table',1),(7,'2024_05_29_012252_create_permission_tables',1),(8,'2024_05_30_010612_update_users_table',1),(9,'2024_05_31_124652_create_forgot_password_table',1),(12,'2024_06_12_161913_create_artist_table',2),(13,'2024_06_12_161921_create_album_table',2);
/*!40000 ALTER TABLE `migrations` ENABLE KEYS */;
UNLOCK TABLES;

--
-- Table structure for table `model_has_permissions`
--

DROP TABLE IF EXISTS `model_has_permissions`;
/*!40101 SET @saved_cs_client     = @@character_set_client */;
/*!50503 SET character_set_client = utf8mb4 */;
CREATE TABLE `model_has_permissions` (
  `permission_id` bigint unsigned NOT NULL,
  `model_type` varchar(255) COLLATE utf8mb4_unicode_ci NOT NULL,
  `model_id` bigint unsigned NOT NULL,
  PRIMARY KEY (`permission_id`,`model_id`,`model_type`),
  KEY `model_has_permissions_model_id_model_type_index` (`model_id`,`model_type`),
  CONSTRAINT `model_has_permissions_permission_id_foreign` FOREIGN KEY (`permission_id`) REFERENCES `permissions` (`id`) ON DELETE CASCADE
) ENGINE=InnoDB DEFAULT CHARSET=utf8mb4 COLLATE=utf8mb4_unicode_ci;
/*!40101 SET character_set_client = @saved_cs_client */;

--
-- Dumping data for table `model_has_permissions`
--

LOCK TABLES `model_has_permissions` WRITE;
/*!40000 ALTER TABLE `model_has_permissions` DISABLE KEYS */;
/*!40000 ALTER TABLE `model_has_permissions` ENABLE KEYS */;
UNLOCK TABLES;

--
-- Table structure for table `model_has_roles`
--

DROP TABLE IF EXISTS `model_has_roles`;
/*!40101 SET @saved_cs_client     = @@character_set_client */;
/*!50503 SET character_set_client = utf8mb4 */;
CREATE TABLE `model_has_roles` (
  `role_id` bigint unsigned NOT NULL,
  `model_type` varchar(255) COLLATE utf8mb4_unicode_ci NOT NULL,
  `model_id` bigint unsigned NOT NULL,
  PRIMARY KEY (`role_id`,`model_id`,`model_type`),
  KEY `model_has_roles_model_id_model_type_index` (`model_id`,`model_type`),
  CONSTRAINT `model_has_roles_role_id_foreign` FOREIGN KEY (`role_id`) REFERENCES `roles` (`id`) ON DELETE CASCADE
) ENGINE=InnoDB DEFAULT CHARSET=utf8mb4 COLLATE=utf8mb4_unicode_ci;
/*!40101 SET character_set_client = @saved_cs_client */;

--
-- Dumping data for table `model_has_roles`
--

LOCK TABLES `model_has_roles` WRITE;
/*!40000 ALTER TABLE `model_has_roles` DISABLE KEYS */;
INSERT INTO `model_has_roles` VALUES (1,'App\\Models\\User',1);
/*!40000 ALTER TABLE `model_has_roles` ENABLE KEYS */;
UNLOCK TABLES;

--
-- Table structure for table `password_reset_tokens`
--

DROP TABLE IF EXISTS `password_reset_tokens`;
/*!40101 SET @saved_cs_client     = @@character_set_client */;
/*!50503 SET character_set_client = utf8mb4 */;
CREATE TABLE `password_reset_tokens` (
  `email` varchar(255) COLLATE utf8mb4_unicode_ci NOT NULL,
  `token` varchar(255) COLLATE utf8mb4_unicode_ci NOT NULL,
  `created_at` timestamp NULL DEFAULT NULL,
  PRIMARY KEY (`email`)
) ENGINE=InnoDB DEFAULT CHARSET=utf8mb4 COLLATE=utf8mb4_unicode_ci;
/*!40101 SET character_set_client = @saved_cs_client */;

--
-- Dumping data for table `password_reset_tokens`
--

LOCK TABLES `password_reset_tokens` WRITE;
/*!40000 ALTER TABLE `password_reset_tokens` DISABLE KEYS */;
/*!40000 ALTER TABLE `password_reset_tokens` ENABLE KEYS */;
UNLOCK TABLES;

--
-- Table structure for table `permissions`
--

DROP TABLE IF EXISTS `permissions`;
/*!40101 SET @saved_cs_client     = @@character_set_client */;
/*!50503 SET character_set_client = utf8mb4 */;
CREATE TABLE `permissions` (
  `id` bigint unsigned NOT NULL AUTO_INCREMENT,
  `name` varchar(255) COLLATE utf8mb4_unicode_ci NOT NULL,
  `guard_name` varchar(255) COLLATE utf8mb4_unicode_ci NOT NULL,
  `created_at` timestamp NULL DEFAULT NULL,
  `updated_at` timestamp NULL DEFAULT NULL,
  PRIMARY KEY (`id`),
  UNIQUE KEY `permissions_name_guard_name_unique` (`name`,`guard_name`)
) ENGINE=InnoDB DEFAULT CHARSET=utf8mb4 COLLATE=utf8mb4_unicode_ci;
/*!40101 SET character_set_client = @saved_cs_client */;

--
-- Dumping data for table `permissions`
--

LOCK TABLES `permissions` WRITE;
/*!40000 ALTER TABLE `permissions` DISABLE KEYS */;
/*!40000 ALTER TABLE `permissions` ENABLE KEYS */;
UNLOCK TABLES;

--
-- Table structure for table `personal_access_tokens`
--

DROP TABLE IF EXISTS `personal_access_tokens`;
/*!40101 SET @saved_cs_client     = @@character_set_client */;
/*!50503 SET character_set_client = utf8mb4 */;
CREATE TABLE `personal_access_tokens` (
  `id` bigint unsigned NOT NULL AUTO_INCREMENT,
  `tokenable_type` varchar(255) COLLATE utf8mb4_unicode_ci NOT NULL,
  `tokenable_id` bigint unsigned NOT NULL,
  `name` varchar(255) COLLATE utf8mb4_unicode_ci NOT NULL,
  `token` varchar(64) COLLATE utf8mb4_unicode_ci NOT NULL,
  `abilities` text COLLATE utf8mb4_unicode_ci,
  `last_used_at` timestamp NULL DEFAULT NULL,
  `expires_at` timestamp NULL DEFAULT NULL,
  `created_at` timestamp NULL DEFAULT NULL,
  `updated_at` timestamp NULL DEFAULT NULL,
  PRIMARY KEY (`id`),
  UNIQUE KEY `personal_access_tokens_token_unique` (`token`),
  KEY `personal_access_tokens_tokenable_type_tokenable_id_index` (`tokenable_type`,`tokenable_id`)
) ENGINE=InnoDB DEFAULT CHARSET=utf8mb4 COLLATE=utf8mb4_unicode_ci;
/*!40101 SET character_set_client = @saved_cs_client */;

--
-- Dumping data for table `personal_access_tokens`
--

LOCK TABLES `personal_access_tokens` WRITE;
/*!40000 ALTER TABLE `personal_access_tokens` DISABLE KEYS */;
/*!40000 ALTER TABLE `personal_access_tokens` ENABLE KEYS */;
UNLOCK TABLES;

--
-- Table structure for table `role_has_permissions`
--

DROP TABLE IF EXISTS `role_has_permissions`;
/*!40101 SET @saved_cs_client     = @@character_set_client */;
/*!50503 SET character_set_client = utf8mb4 */;
CREATE TABLE `role_has_permissions` (
  `permission_id` bigint unsigned NOT NULL,
  `role_id` bigint unsigned NOT NULL,
  PRIMARY KEY (`permission_id`,`role_id`),
  KEY `role_has_permissions_role_id_foreign` (`role_id`),
  CONSTRAINT `role_has_permissions_permission_id_foreign` FOREIGN KEY (`permission_id`) REFERENCES `permissions` (`id`) ON DELETE CASCADE,
  CONSTRAINT `role_has_permissions_role_id_foreign` FOREIGN KEY (`role_id`) REFERENCES `roles` (`id`) ON DELETE CASCADE
) ENGINE=InnoDB DEFAULT CHARSET=utf8mb4 COLLATE=utf8mb4_unicode_ci;
/*!40101 SET character_set_client = @saved_cs_client */;

--
-- Dumping data for table `role_has_permissions`
--

LOCK TABLES `role_has_permissions` WRITE;
/*!40000 ALTER TABLE `role_has_permissions` DISABLE KEYS */;
/*!40000 ALTER TABLE `role_has_permissions` ENABLE KEYS */;
UNLOCK TABLES;

--
-- Table structure for table `roles`
--

DROP TABLE IF EXISTS `roles`;
/*!40101 SET @saved_cs_client     = @@character_set_client */;
/*!50503 SET character_set_client = utf8mb4 */;
CREATE TABLE `roles` (
  `id` bigint unsigned NOT NULL AUTO_INCREMENT,
  `name` varchar(255) COLLATE utf8mb4_unicode_ci NOT NULL,
  `guard_name` varchar(255) COLLATE utf8mb4_unicode_ci NOT NULL,
  `created_at` timestamp NULL DEFAULT NULL,
  `updated_at` timestamp NULL DEFAULT NULL,
  PRIMARY KEY (`id`),
  UNIQUE KEY `roles_name_guard_name_unique` (`name`,`guard_name`)
) ENGINE=InnoDB AUTO_INCREMENT=2 DEFAULT CHARSET=utf8mb4 COLLATE=utf8mb4_unicode_ci;
/*!40101 SET character_set_client = @saved_cs_client */;

--
-- Dumping data for table `roles`
--

LOCK TABLES `roles` WRITE;
/*!40000 ALTER TABLE `roles` DISABLE KEYS */;
INSERT INTO `roles` VALUES (1,'Admin','web','2024-06-12 03:40:37','2024-06-12 03:40:37');
/*!40000 ALTER TABLE `roles` ENABLE KEYS */;
UNLOCK TABLES;

--
-- Table structure for table `sessions`
--

DROP TABLE IF EXISTS `sessions`;
/*!40101 SET @saved_cs_client     = @@character_set_client */;
/*!50503 SET character_set_client = utf8mb4 */;
CREATE TABLE `sessions` (
  `id` varchar(255) COLLATE utf8mb4_unicode_ci NOT NULL,
  `user_id` bigint unsigned DEFAULT NULL,
  `ip_address` varchar(45) COLLATE utf8mb4_unicode_ci DEFAULT NULL,
  `user_agent` text COLLATE utf8mb4_unicode_ci,
  `payload` longtext COLLATE utf8mb4_unicode_ci NOT NULL,
  `last_activity` int NOT NULL,
  PRIMARY KEY (`id`),
  KEY `sessions_user_id_index` (`user_id`),
  KEY `sessions_last_activity_index` (`last_activity`)
) ENGINE=InnoDB DEFAULT CHARSET=utf8mb4 COLLATE=utf8mb4_unicode_ci;
/*!40101 SET character_set_client = @saved_cs_client */;

--
-- Dumping data for table `sessions`
--

LOCK TABLES `sessions` WRITE;
/*!40000 ALTER TABLE `sessions` DISABLE KEYS */;
INSERT INTO `sessions` VALUES ('FaybU7tDTULZrdpF54E3ILGPXXwKK7JYO9FqmVDp',1,'127.0.0.1','Mozilla/5.0 (Windows NT 10.0; Win64; x64) AppleWebKit/537.36 (KHTML, like Gecko) Chrome/126.0.0.0 Safari/537.36','YTo1OntzOjY6Il90b2tlbiI7czo0MDoiTmhIQWZpYkJEMDltSURYYUhidTVSYjFBVlFhT3lXckhyd2E5TTI2SSI7czo5OiJfcHJldmlvdXMiO2E6MTp7czozOiJ1cmwiO3M6MzE6Imh0dHA6Ly8xMjcuMC4wLjE6ODAwMC9kYXNoYm9hcmQiO31zOjY6Il9mbGFzaCI7YToyOntzOjM6Im9sZCI7YTowOnt9czozOiJuZXciO2E6MDp7fX1zOjUwOiJsb2dpbl93ZWJfNTliYTM2YWRkYzJiMmY5NDAxNTgwZjAxNGM3ZjU4ZWE0ZTMwOTg5ZCI7aToxO3M6NToiYWxlcnQiO2E6MDp7fX0=',1718274084);
/*!40000 ALTER TABLE `sessions` ENABLE KEYS */;
UNLOCK TABLES;

--
-- Table structure for table `users`
--

DROP TABLE IF EXISTS `users`;
/*!40101 SET @saved_cs_client     = @@character_set_client */;
/*!50503 SET character_set_client = utf8mb4 */;
CREATE TABLE `users` (
  `id` bigint unsigned NOT NULL AUTO_INCREMENT,
  `name` varchar(255) COLLATE utf8mb4_unicode_ci NOT NULL,
  `email` varchar(255) COLLATE utf8mb4_unicode_ci NOT NULL,
  `username` varchar(255) COLLATE utf8mb4_unicode_ci NOT NULL,
  `email_verified_at` timestamp NULL DEFAULT NULL,
  `password` varchar(255) COLLATE utf8mb4_unicode_ci NOT NULL,
  `two_factor_secret` text COLLATE utf8mb4_unicode_ci,
  `two_factor_recovery_codes` text COLLATE utf8mb4_unicode_ci,
  `two_factor_confirmed_at` timestamp NULL DEFAULT NULL,
  `remember_token` varchar(100) COLLATE utf8mb4_unicode_ci DEFAULT NULL,
  `current_team_id` bigint unsigned DEFAULT NULL,
  `profile_photo_path` varchar(2048) COLLATE utf8mb4_unicode_ci DEFAULT NULL,
  `is_disabled` int DEFAULT NULL,
  `created_at` timestamp NULL DEFAULT NULL,
  `updated_at` timestamp NULL DEFAULT NULL,
  PRIMARY KEY (`id`),
  UNIQUE KEY `users_email_unique` (`email`)
) ENGINE=InnoDB AUTO_INCREMENT=2 DEFAULT CHARSET=utf8mb4 COLLATE=utf8mb4_unicode_ci;
/*!40101 SET character_set_client = @saved_cs_client */;

--
-- Dumping data for table `users`
--

LOCK TABLES `users` WRITE;
/*!40000 ALTER TABLE `users` DISABLE KEYS */;
INSERT INTO `users` VALUES (1,'Admin','admin@gmail.com','admin',NULL,'$2y$12$rJbHoC.AnSCKpe1TQ6sHj.bNepqJkx9K4eX8mi.dw6g81gAwyk2yu',NULL,NULL,NULL,NULL,NULL,NULL,NULL,'2024-06-12 03:40:42','2024-06-12 03:58:02');
/*!40000 ALTER TABLE `users` ENABLE KEYS */;
UNLOCK TABLES;
/*!40103 SET TIME_ZONE=@OLD_TIME_ZONE */;

/*!40101 SET SQL_MODE=@OLD_SQL_MODE */;
/*!40014 SET FOREIGN_KEY_CHECKS=@OLD_FOREIGN_KEY_CHECKS */;
/*!40014 SET UNIQUE_CHECKS=@OLD_UNIQUE_CHECKS */;
/*!40101 SET CHARACTER_SET_CLIENT=@OLD_CHARACTER_SET_CLIENT */;
/*!40101 SET CHARACTER_SET_RESULTS=@OLD_CHARACTER_SET_RESULTS */;
/*!40101 SET COLLATION_CONNECTION=@OLD_COLLATION_CONNECTION */;
/*!40111 SET SQL_NOTES=@OLD_SQL_NOTES */;

-- Dump completed on 2024-06-13 18:22:31
